title,summary,href,published,stock,title_sentiment_VADER,summary_sentiment_VADER
"Porsche, luxury automakers extend streak of strong results",Add Porsche to the list of luxury automakers taking share and making bigger profits in a post-pandemic world.,https://finance.yahoo.com/news/porsche-luxury-automakers-extend-streak-of-strong-results-194757855.html?.tsrc=rss,03/05/2023,MC.PA,0.6124,0.6249
"Saks is focused on 'catching customers as they enter their luxury continuum,' CEO explains","Saks CEO Marc Metrick sits down with Yahoo Finance's Brian Sozzi at the 2023 Milken Institute Global Conference to discuss consumer trends in the luxury retail space, changes in men's fashion and workplace attire, shifts towards online shopping experiences, and the adoption of artificial intelligence.",https://finance.yahoo.com/video/saks-focused-catching-customers-enter-205813773.html?.tsrc=rss,02/05/2023,MC.PA,0.3818,0.4767
LVMH: Share transactions disclosure,"Paris, May 2nd, 2023 The disclosure of share transactions carried out from April 24th to April 28th, 2023 was sent to the AMF on May 2nd, 2023. As required by current law, this document is publically available and can be consulted on the Company’s website (www.lvmh.com) under the section «regulated information». LVMH LVMH Moët Hennessy Louis Vuitton is represented in Wines and Spirits by a portfolio of brands that includes Moët & Chandon, Dom Pérignon, Veuve Clicquot, Krug, Ruinart, Mercier, Châ",https://finance.yahoo.com/news/lvmh-share-transactions-disclosure-154700885.html?.tsrc=rss,02/05/2023,MC.PA,0.296,0.296
Anger Against Macron Spills Onto Streets of Paris on May Day,"(Bloomberg) -- Anger over President Emmanuel Macron’s pension reform spilled into the streets of Paris as more than half a million people marched across France to challenge a law raising the retirement age.Most Read from BloombergJPMorgan Ends First Republic’s Turmoil After FDIC SeizureFirst Republic’s Jumbo Mortgages Brought On Bank’s FailureIBM to Pause Hiring for Jobs That AI Could DoBuffett Will Beat the Market as Recession Looms, Investors SayPeak Oil Spells Trouble for ConsumersThe May Day",https://finance.yahoo.com/news/france-braces-renewed-anti-macron-040000329.html?.tsrc=rss,01/05/2023,MC.PA,-0.5719,-0.9001
World’s Richest Man Likes the View Atop Refurbished Tiffany,"Bernard Arnault says that under LVMH, profits have doubled at the American jeweler, which reopened its flagship store this week.",https://finance.yahoo.com/m/a57d1bfa-be7f-3381-bd95-3fd9af17c202/world%E2%80%99s-richest-man-likes-the.html?.tsrc=rss,28/04/2023,MC.PA,0.7351,0.5106
LVMH aims high for Tiffany after lavish revamp of New York store,"French billionaire Bernard Arnault’s luxury group LVMH called in reinforcements for this week’s ribbon-cutting for Tiffany & Co’s flagship Manhattan store after a four-year renovation: Wonder Woman.  The recruitment of Gal Gadot, who plays the superhero in the DC Comics movies and recently became a Tiffany’s brand ambassador, is the latest step in LVMH’s strategy to give a younger, trendier and more international gloss to the US jeweller.  LVMH’s revamp of the lavish Fifth Avenue store immortalised in the 1961 Audrey Hepburn film Breakfast at Tiffany’s is a statement of ambition for the storied American brand, which had been losing momentum before the French group bought it for $15.8bn in 2021 in its biggest ever deal.",https://finance.yahoo.com/m/9d848166-66ad-3789-a04e-71c59a53fdba/lvmh-aims-high-for-tiffany.html?.tsrc=rss,28/04/2023,MC.PA,0.0,-0.0516
Europe’s first half-trillion-dollar company couldn’t have made it without China,LVMH has become the first European firm in history to surpass $500 billion in market cap.,https://finance.yahoo.com/news/europe-first-half-trillion-dollar-133400394.html?.tsrc=rss,25/04/2023,MC.PA,0.0,0.0
LVMH Tops $500 Billion Market Value,"Cheap beer might seem like an appropriate beverage for today's economy, but there's no suppressing champagne tastes. LVMH, the luxury goods...",https://finance.yahoo.com/m/c0842c4d-29bc-3267-b8fa-484e96203228/lvmh-tops-%24500-billion-market.html?.tsrc=rss,25/04/2023,MC.PA,0.6908,0.1901
"Elon Musk Plans Next Starship Launch Within Two Months, NBCUniversal CEO Resigns Amid 'Inappropriate Relationship, Micron Tech Caught Between US-China Tensions: Today's Top Stories","Benzinga Elon Musk Plans Next Starship Launch Within Just 2 Months After Failed Debut SpaceX CEO Elon Musk on Saturday said that Starship could be ready to launch again in 1 to 2 months. Starship can be ready to launch again in 1 to 2 months post-repairs of damage at the Starbase launch site, said Elon Musk in a Twitter reply on Saturday. Musk was responding to Eric Berger, Senior Space Editor at tech publication Ars Technica. Berger noted in his tweet that a former senior SpaceX employee told h",https://finance.yahoo.com/news/elon-musk-plans-next-starship-163406147.html?.tsrc=rss,24/04/2023,MC.PA,-0.4939,-0.3612
Louis Vuitton-owner LVMH becomes Europe’s first $500bn company,"The owner of Louis Vuitton, Christian Dior and Tiffany has become the first European company to be valued at more than $500bn (£402bn), after renewed demand from Chinese shoppers boosted sales.",https://finance.yahoo.com/news/louis-vuitton-owner-lvmh-becomes-143036608.html?.tsrc=rss,24/04/2023,MC.PA,0.0,0.5994
LVMH hits $500B in market value as shares hit record high,"LVMH shares hit a record high on Monday, pushing the luxury brands giant above $500 billion in market value and making it the first European company to reach the mark.",https://finance.yahoo.com/news/lvmh-hits-500b-market-value-141834184.html?.tsrc=rss,24/04/2023,MC.PA,0.5574,0.5719
LVMH becomes first European company to surpass $500 billion in market value,Yahoo Finance Live’s Julie Hyman breaks down the rise in stock for LVMH.,https://finance.yahoo.com/video/lvmh-becomes-first-european-company-141513437.html?.tsrc=rss,24/04/2023,MC.PA,0.34,0.0
"LVMH’s Market Value Exceeds $500 Billion, a First in Europe","(Bloomberg) -- LVMH’s market value surpassed $500 billion, becoming the first European company to reach that milestone, thanks to booming sales of luxury goods in China and a strengthening euro.Most Read from BloombergTucker Carlson Leaves Fox News in Shakeup After SettlementClarence Thomas’s Billionaire Friend Did Have Business Before the Supreme CourtFour Reasons Why Investors Expect US Dollar to Keep SlidingBud Light Takes the Cowardly Way OutCNN Anchor Don Lemon Says He Has Been Fired From t",https://finance.yahoo.com/news/lvmh-market-value-surpasses-500-094411473.html?.tsrc=rss,24/04/2023,MC.PA,0.34,0.8225
LVMH becomes first European firm to reach $500 billion market capitalization,"Investing.com -- The market value of LVMH Moet Hennessy Louis Vuitton SE (EPA:LVMH) climbed to $500 billion at one point on Monday, making it the first European company to touch this level.",https://finance.yahoo.com/news/lvmh-becomes-first-european-firm-092144700.html?.tsrc=rss,24/04/2023,MC.PA,0.0258,0.34
LVMH 2022 Dividend,"Paris, Thursday, April 20th, 2023 At the Annual Shareholders’ Meeting of LVMH Moët Hennessy Louis Vuitton held on Thursday, April 20th, 2023, approval was given for the payment of a dividend for financial year 2022 of 12.00 Euros per share. Taking into account the 5.00 Euros paid on Monday, December 5th, 2022, the balance of 7.00 Euros will be paid on Thursday, April 27th, 2023. The last trading day with dividend rights is Monday, April 24th, 2023. LVMH LVMH Moët Hennessy Louis Vuitton is repres",https://finance.yahoo.com/news/lvmh-2022-dividend-155600086.html?.tsrc=rss,20/04/2023,MC.PA,0.0,0.6486
Is LVMH Moet Hennessy Louis Vuitton (LVMUY) Stock Outpacing Its Consumer Discretionary Peers This Year?,Here is how LVMH-Moet Hennessy Louis Vuitton SA (LVMUY) and Skillz Inc. (SKLZ) have performed compared to their sector so far this year.,https://finance.yahoo.com/news/lvmh-moet-hennessy-louis-vuitton-134001190.html?.tsrc=rss,20/04/2023,MC.PA,0.0,0.0
"LVMH-Moet Hennessy Louis Vuitton SA (LVMUY) is on the Move, Here's Why the Trend Could be Sustainable","LVMH-Moet Hennessy Louis Vuitton SA (LVMUY) made it through our ""Recent Price Strength"" screen and could be a great choice for investors looking to make a profit from stocks that are currently on the move.",https://finance.yahoo.com/news/lvmh-moet-hennessy-louis-vuitton-125012487.html?.tsrc=rss,20/04/2023,MC.PA,0.0,0.8807
"The World’s Richest Person Auditions His Five Children to Run LVMH, the Luxury Empire","Bernard Arnault drilled his offspring in math when young, assigned them company roles and mentors as adults, then made them joint owners of a firm empowered to run the luxury conglomerate.",https://finance.yahoo.com/m/91adc1a5-e791-35e1-9044-75c65213c99e/the-world%E2%80%99s-richest-person.html?.tsrc=rss,19/04/2023,MC.PA,0.5267,0.0
"How LVMH CEO unseated Musk, Bezos as world's richest","Bernard Arnault has nabbed the title as the highest-net worth individual in the world, a feat that has unseated Elon Musk and Jeff Bezos and that was fueled by LVMH's performance.",https://finance.yahoo.com/news/lvmh-ceo-unseated-musk-bezos-100047365.html?.tsrc=rss,19/04/2023,MC.PA,0.5267,0.2263
LVMH stock spikes on China Q1 GDP growth,"Yahoo Finance’s Brooke DiPalma joins the Live show to discuss the spike in stock for LVMH, as well as U.S. post-pandemic spending.",https://finance.yahoo.com/video/lvmh-stock-spikes-china-q1-153146187.html?.tsrc=rss,18/04/2023,MC.PA,0.3818,0.2732
The World Is Volatile but Luxury Brands Look Serene,"At  LVMH  Moët Hennessy Louis Vuitton—owned by  Bernard Arnault,  the world’s wealthiest person—sales grew 17% in the same period.  Many shareholders see Europe’s luxury brands as a good way to gain exposure to wealthy Chinese consumers, who are keen to shop again after almost three years of pandemic disruption.  LVMH said sales in China at fashion brands such as Louis Vuitton,  Christian Dior  and Celine increased more than 30% in the first quarter compared with a year earlier.",https://finance.yahoo.com/m/46565c01-a708-3be0-97fc-d46e1cc0b060/the-world-is-volatile-but.html?.tsrc=rss,15/04/2023,RMS.PA,0.6124,0.9201
Hermès International: Release on 1st quarter 2023 sales,"HERMÈS Quarterly information report as at the end of March 2023 Strong sales growth in the first quarter(+23% at constant exchange rates and +22% at current exchange rates) Paris, 14 April 2023 The group's consolidated revenue reached €3,380 million in the first quarter of 2023, up 23% at constant exchange rates and 22% at current exchange rates. Sales were particularly dynamic in all the geographical areas and across all the business lines. Axel Dumas, Executive Chairman of Hermès, said: ""The f",https://finance.yahoo.com/news/herm-international-release-1st-quarter-060000795.html?.tsrc=rss,14/04/2023,RMS.PA,0.0,0.8479
Hermès International: Shares and voting rights as of 31st March 2023,"RELEASE Paris, April 12, 2023 INFORMATION RELATING TO THE TOTAL NUMBER OF VOTING RIGHTS AND SHARES COMPRISING THE SHARE CAPITAL In accordance with the provisions of Article L. 233-8 of the French Commercial Code (Code de commerce) and Article 223-16 of the General Regulations of French Autorité des Marchés Financiers (AMF), Hermès international publishes each month, before the 15th day of the following month, the total number of voting rights and the number of shares comprising the share capital",https://finance.yahoo.com/news/herm-international-shares-voting-rights-160000734.html?.tsrc=rss,12/04/2023,RMS.PA,0.296,0.8979
Hermès International: Availability of the 2022 Universal Registration Document,"Hermès International RELEASE Paris, 24 March 20236:00 p.m. (Paris time) AVAILABILITY OF THE 2022 UNIVERSAL REGISTRATION DOCUMENTINCLUDING THE ANNUAL FINANCIAL REPORT Hermès International filed its 2022 Universal Registration Document with the Financial Markets Authority (AMF), on 24 March 2023, in ESEF format. It is available to the public under current regulatory conditions and may be found on finance.hermes.com (under “Investors section” > “Publications” and “Regulated information”) The univer",https://finance.yahoo.com/news/herm-international-availability-2022-universal-170000091.html?.tsrc=rss,24/03/2023,RMS.PA,0.0,0.0772
Hermès International: Shares and voting rights as of 28th February 2023,"RELEASE Paris, March 7, 2023 INFORMATION RELATING TO THE TOTAL NUMBER OF VOTING RIGHTS AND SHARES COMPRISING THE SHARE CAPITAL In accordance with the provisions of Article L. 233-8 of the French Commercial Code (Code de commerce) and Article 223-16 of the General Regulations of French Autorité des Marchés Financiers (AMF), Hermès international publishes each month, before the 15th day of the following month, the total number of voting rights and the number of shares comprising the share capital",https://finance.yahoo.com/news/herm-international-shares-voting-rights-170000889.html?.tsrc=rss,07/03/2023,RMS.PA,0.296,0.8979
UPDATE 1-Hermes asks court to block 'MetaBirkin' NFT sales after jury win,"French luxury house Hermes International has asked a Manhattan federal court to block artist Mason Rothschild from promoting or owning his ""MetaBirkin"" non-fungible tokens after a jury found they violate Hermes' trademark rights in its famous Birkin bags.  Hermes said in a court filing Friday that Rothschild has continued to market his NFTs despite the jury's verdict last month.  It asked the court to force him to stop using ""Birkin"" trademarks and to transfer the MetaBirkins website, the NFTs that he still owns and his income from sales of the tokens since the trial to Hermes.",https://finance.yahoo.com/news/1-hermes-asks-court-block-185651437.html?.tsrc=rss,06/03/2023,RMS.PA,0.2263,-0.7387
Hermes asks court to block 'MetaBirkin' NFT sales after jury win,"(Reuters) -French luxury house Hermes International has asked a Manhattan federal court to block artist Mason Rothschild from promoting or owning his ""MetaBirkin"" non-fungible tokens after a jury found they violate Hermes' trademark rights in its famous Birkin bags.  Hermes said in a court filing Friday that Rothschild has continued to market his NFTs despite the jury's verdict last month.  It asked the court to force him to stop using ""Birkin"" trademarks and to transfer the MetaBirkins website, the NFTs that he still owns and his income from sales of the tokens since the trial to Hermes.",https://finance.yahoo.com/news/hermes-asks-court-block-metabirkin-172040928.html?.tsrc=rss,06/03/2023,RMS.PA,0.2263,-0.7387
Hermès International: Release on compensation of Executive Chairmen as of 20 February 2023,"PRESS RELEASE Paris, 20 February 2023 6 p.m EXECUTIVE CHAIRMEN COMPENSATION In accordance with the AFEP/MEDEF Corporate Governance Code updated in December 2022 (art. 27.1) HERMES INTERNATIONAL discloses information on all potential or acquired elements of its Executive Chairmen compensation, immediately following the Board meeting having established these elements. Principles The compensation elements detailed below are all in line with the Executive Chairmen compensation policy approved by the",https://finance.yahoo.com/news/herm-international-release-compensation-executive-170000166.html?.tsrc=rss,20/02/2023,RMS.PA,0.0,0.4215
French Luxury Goods Label Hermes Posts 23% Revenue Growth in Q4,"Hermès International SA (OTC: HESAF) reported fourth-quarter FY22 revenue of €2.99 billion, an increase of 26% at current exchange rates and 23% at constant exchange rates. Ready-to-wear and accessories led the revenue growth by garnering a 29.7% jump, followed by a 25.3% increase in Leather Goods and Saddlery, at constant exchange rates. The company said it created 2,100 new jobs in FY22. At the General Meeting to be held on April 20, 2023, the company plans to make a dividend proposal of €13.0",https://finance.yahoo.com/news/french-luxury-goods-label-hermes-142822756.html?.tsrc=rss,17/02/2023,RMS.PA,0.3818,0.802
"Hermes revenue beats forecasts, sees strong 2023 ahead","The French luxury-goods majorFR:RMS booked a 23% organic rise in fourth-quarter revenue to 2.99 billion euros ($3.19 billion), taking the full-year tally to EUR11.6 billion.",https://finance.yahoo.com/m/99d3f71e-8f58-3aaf-a80e-7980484d0334/hermes-revenue-beats.html?.tsrc=rss,17/02/2023,RMS.PA,0.5106,0.0
Hermès International: 2022 Full Year Results,"HERMES2022 Full Year Results Sales momentum and particularly robust results in 2022 Revenue amounted to €11.6 billion (+29% at current exchange rates and +23% at constant exchange rates) Recurring operating income reached €4.7 billion (+33%)Net profit amounted to €3.4 billion (+38%) Paris, 17th February 2023 The group’s consolidated revenue amounted to €11,602 million in 2022, up 29% at current exchange rates and 23% at constant exchange rates compared to 2021. Recurring operating income amounte",https://finance.yahoo.com/news/herm-international-2022-full-results-070000758.html?.tsrc=rss,17/02/2023,RMS.PA,0.0,0.7178
Hermès International: Shares and voting rights as of 31st January 2023,"RELEASE Paris, February 9, 2023 INFORMATION RELATING TO THE TOTAL NUMBER OF VOTING RIGHTS AND SHARES COMPRISING THE SHARE CAPITAL In accordance with the provisions of Article L. 233-8 of the French Commercial Code (Code de commerce) and Article 223-16 of the General Regulations of French Autorité des Marchés Financiers (AMF), Hermès international publishes each month, before the 15th day of the following month, the total number of voting rights and the number of shares comprising the share capit",https://finance.yahoo.com/news/herm-international-shares-voting-rights-170000705.html?.tsrc=rss,09/02/2023,RMS.PA,0.296,0.8979
Hermès Wins Case Against Artist Who Sold NFTs of Birkin Bags,The trademark case was considered a test of how a company can exercise its intellectual-property rights against virtual assets.,https://finance.yahoo.com/m/bf576dcc-6bdf-36dc-b688-5f6f97c6ca76/herm%C3%A8s-wins-case-against.html?.tsrc=rss,08/02/2023,RMS.PA,0.5719,0.1779
"Hermes, NFT creator spar over 'MetaBirkins' in trademark trial","Hermes International SCA urged a U.S. jury on Monday to find that a creator of non-fungible tokens violated its trademark for Birkin bags, while lawyers for the ""MetaBirkins"" maker countered that the images were art.  The French fashion house in 2022 sued Mason Rothschild to recover profits he made by selling NFTs depicting Birkin bags covered in colorful fur without seeking Hermes' permission, claiming Rothschild sought to trick consumers into believing he had partnered with Hermes to sell the digital assets.  ""He wanted to cash in on the Birkin name,"" Oren Warshavsky, a lawyer for Hermes, told jurors in closing arguments in Manhattan federal court after five days of testimony.",https://finance.yahoo.com/news/hermes-nft-creator-spar-over-191053223.html?.tsrc=rss,06/02/2023,RMS.PA,0.0,-0.4019
Gucci Parent Kering Taps Estée Lauder Executive for Beauty Push,"The luxury giant has tapped Raffaella Cornaggia, a senior Estee Lauder executive, to lead a new beauty division, as it looks to expand in cosmetics and perfumes.",https://finance.yahoo.com/m/4e09c34a-71fd-3289-ba5d-0f79755b3761/gucci-parent-kering-taps.html?.tsrc=rss,03/02/2023,RMS.PA,0.5859,0.7269
Hermès International: Situation of the liquidity contract as of 31 december 2022,"Paris, 10 January 2023 HALF YEARLY SITUATION OF THE LIQUIDITY CONTRACT In connection with the liquidity contract signed between Hermès International and Exane BNP PARIBAS, outstanding means as of the trading date of December 31, 2022, amounted to: . 4,467 shares Hermès International . € 14,828,620 During the 2nd half of the year, total trades were: Buy: 139,346 shares, (5,205 transactions) € 185,404,083Sell: 139,717 shares, (7,329 transactions) € 186,319,602 As of the previous half yearly situat",https://finance.yahoo.com/news/herm-international-situation-liquidity-contract-170000359.html?.tsrc=rss,10/01/2023,RMS.PA,0.0,0.8625
Hermès International: Shares and voting rights as of 31st December 2022,"RELEASE Paris, January 09, 2023 INFORMATION RELATING TO THE TOTAL NUMBER OF VOTING RIGHTS AND SHARES COMPRISING THE SHARE CAPITAL In accordance with the provisions of Article L. 233-8 of the French Commercial Code (Code de commerce) and Article 223-16 of the General Regulations of French Autorité des Marchés Financiers (AMF), Hermès international publishes each month, before the 15th day of the following month, the total number of voting rights and the number of shares comprising the share capit",https://finance.yahoo.com/news/herm-international-shares-voting-rights-170000912.html?.tsrc=rss,09/01/2023,RMS.PA,0.296,0.8979
Hermès International: Shares and voting rights as of 30th November 2022,"RELEASE Paris, December 8, 2022 INFORMATION RELATING TO THE TOTAL NUMBER OF VOTING RIGHTS AND SHARES COMPRISING THE SHARE CAPITAL In accordance with the provisions of Article L. 233-8 of the French Commercial Code (Code de commerce) and Article 223-16 of the General Regulations of French Autorité des Marchés Financiers (AMF), Hermès international publishes each month, before the 15th day of the following month, the total number of voting rights and the number of shares comprising the share capit",https://finance.yahoo.com/news/herm-international-shares-voting-rights-170000809.html?.tsrc=rss,08/12/2022,RMS.PA,0.296,0.8979
Hermès International: Information relating to the total number of voting rights and shares comprising the share capital as of 31 October 2022,"RELEASE Paris, November 8, 2022 INFORMATION RELATING TO THE TOTAL NUMBER OF VOTING RIGHTS AND SHARES COMPRISING THE SHARE CAPITAL In accordance with the provisions of Article L. 233-8 of the French Commercial Code (Code de commerce) and Article 223-16 of the General Regulations of French Autorité des Marchés Financiers (AMF), Hermès international publishes each month, before the 15th day of the following month, the total number of voting rights and the number of shares comprising the share capit",https://finance.yahoo.com/news/herm-international-information-relating-total-170000028.html?.tsrc=rss,08/11/2022,RMS.PA,0.5719,0.8979
Hermes International: Release on 3rd quarter 2022 sales,"HERMÈS Quarterly information report as at the end of September 2022 A very good sales momentum continues in the 3rd quarter (+32.5% at current exchanges rates and +24% at constant exchange rates) Paris, 20 October 2022 The group’s consolidated revenue amounted to €8,611 million at the end of September 2022, up 30% at current exchange rates and 24% at constant exchange rates compared to the same period in 2021. In the third quarter, sales reached €3,136 million, up 32.5% at current exchanges rate",https://finance.yahoo.com/news/hermes-international-release-3rd-quarter-060000101.html?.tsrc=rss,20/10/2022,RMS.PA,0.0,0.5563
LVMH hits $500B in market value as shares hit record high,"LVMH shares hit a record high on Monday, pushing the luxury brands giant above $500 billion in market value and making it the first European company to reach the mark.",https://finance.yahoo.com/news/lvmh-hits-500b-market-value-141834184.html?.tsrc=rss,24/04/2023,CDI.PA,0.5574,0.5719
21 Best Smelling Colognes For Men,"In this article, we will take a look at the 21 best smelling colognes for men. If you want to see more colognes in this selection, go to the 5 Best Smelling Colognes For Men. According to a report by Grand View Research, the size of the perfume industry stood at $50.85 billion in 2022. […]",https://finance.yahoo.com/news/21-best-smelling-colognes-men-200539031.html?.tsrc=rss,21/04/2023,CDI.PA,0.6369,0.9136
Christian Dior: 2022 Dividend,"Paris, April 21st, 2023 2022 DIVIDEND At the Annual Shareholders’ Meeting of Christian Dior held on Thursday, April 20th, 2023, approval was given for the payment of a dividend for financial year 2022 of 12 Euros per share. Taking into account the 5 Euros paid on Monday, December 5th, 2022, the balance amounts to 7 Euros ; it will be paid on Thursday, April 27th, 2023. The last trading day with dividend rights is Monday, April 24th, 2022. This financial release is available on our website www.di",https://finance.yahoo.com/news/christian-dior-2022-dividend-134400436.html?.tsrc=rss,21/04/2023,CDI.PA,0.0,0.6486
Christian Dior: Excellent start to the year for Christian Dior,"Excellent start to the year for Christian Dior Paris, April 12th, 2023 The Christian Dior group recorded revenue of 21 billion euros in the first quarter of 2023, up 17% compared to the same period of 2022. Organic revenue growth was 17%. The Group had an excellent start to the year, within a geopolitical and economic environment which remains uncertain. Europe and Japan, which enjoyed strong growth momentum, benefited from robust demand from local customers and international travelers; the Unit",https://finance.yahoo.com/news/christian-dior-excellent-start-christian-174700341.html?.tsrc=rss,12/04/2023,CDI.PA,0.5719,0.9578
Dior is getting into the trendy reverse-aging business. Here’s how its team of expert researchers plans to help people look younger,"This year, Dior announced the first International Reverse Aging Scientific Advisory Board at the 21st Aesthetic and Anti-Aging Medicine World Congress in Monaco.",https://finance.yahoo.com/news/dior-getting-trendy-reverse-aging-141639841.html?.tsrc=rss,06/04/2023,CDI.PA,0.4019,0.0
"Christian Dior: Combined Shareholders’ Meeting of Thursday, April 20, 2023 - Procedures for making available and consulting preparatory documents","Combined Shareholders’ Meeting of Thursday, April 20, 2023 Procedures for making available and consulting preparatory documents The Shareholders’ Meeting will be held on Thursday, April 20, 2023 at 3.30 p.m. at Carrousel du Louvre, 99 rue de Rivoli, 75001 Paris (France). The Shareholders who wish to attend the Shareholders’ Meeting must hold an admission card and an identity document, it being recalled that all proxies, including spouses, must provide proof of their power of attorney and present",https://finance.yahoo.com/news/christian-dior-combined-shareholders-meeting-165800322.html?.tsrc=rss,29/03/2023,CDI.PA,0.0,0.4019
Christian Dior: Availability of the 2022 Annual report,"AVAILABILITYOF THE 2022 ANNUAL REPORT Christian Dior 2022 Annual report (French version) has been filed with the « Autorité des marchés financiers » (AMF) on March 29, 2023 in ESEF format (European Single Electronic Format). This document is made available to the public in accordance with applicable regulations and may be consulted on the Company’s website (www.dior-finance.com) under the “Regulated Information” heading. This Annual report includes in particular the 2022 Annual financial report",https://finance.yahoo.com/news/christian-dior-availability-2022-annual-165000545.html?.tsrc=rss,29/03/2023,CDI.PA,0.0,0.0
"LVMH rejigs beauty division, names Stephane Rinderknech CEO","LVMH, the world's largest luxury company, on Monday named Stephane Rinderknech as chairman and CEO of its beauty division, rounding out a series of broader management changes at the owner of Guerlain and Parfums Christian Dior.  A former L'Oreal executive with extensive experience in the U.S. and Asia, Rinderknech joined LVMH in 2022 and has been heading the group's hotels business, which he will continue to also manage.  ""Stéphane has since his arrival guided the rebound of our hotel activities with considerable strategic agility, driving tremendous momentum across the entire organization,"" Group Chairman and CEO Bernard Arnault in a statement Monday.",https://finance.yahoo.com/news/lvmh-rejigs-beauty-division-names-173649361.html?.tsrc=rss,06/03/2023,CDI.PA,0.5859,0.5859
French Fashion Giant LVMH Posts 23% Revenue Growth In FY22,"French luxury fashion house LVMH-Moet Hennessy Louis Vuitton (OTC: LVMHF) registered FY22 sales growth of 23% year-on-year to €79.2 billion. Fashion & Leather Goods organic revenue rose 20%, with Louis Vuitton, Christian Dior, Celine, Fendi, Loro Piana, Loewe, and Marc Jacobs gaining global market share. Profit from recurring operations stood at €21.1 billion, a 23% increase Y/Y and the operating margin remained flat. Europe, the U.S., and Japan rose sharply, benefiting from strong demand from l",https://finance.yahoo.com/news/french-fashion-giant-lvmh-posts-103022516.html?.tsrc=rss,27/01/2023,CDI.PA,0.3818,0.9274
New record year for Christian Dior group in 2022,"New record year for Christian Dior group in 2022 . Revenue 79 billion euros . Profit from recurring operations 21 billion euros . Both up 23% . A strong social and economic footprint in France Paris, January 26th, 2023 Christian Dior group recorded revenue of €79.2 billion in 2022 and profit from recurring operations of €21.0 billion, both up 23%. All business groups achieved significant organic revenue growth over the year (see table on page 3). Fashion & Leather Goods notably reached record le",https://finance.yahoo.com/news/record-christian-dior-group-2022-191900254.html?.tsrc=rss,26/01/2023,CDI.PA,0.0,0.9169
Bernard Arnault: The Richest Man Alive Who Most People Know Nothing About,"If you were to ask the average American who the richest person in the world is, many would likely say Elon Musk, Bill Gates or another American business magnate. After all, an American has held the title almost exclusively for much of the past several decades. That is no longer the case. Bernard Arnault is a Frenchman running the largest empire of luxury goods in the world. His company, Louis Vuitton Moët Hennessy (LVMH) owns everything from Louis Vuitton and Sephora to Hennessy and Marc Jacobs.",https://finance.yahoo.com/news/bernard-arnault-richest-man-alive-135836892.html?.tsrc=rss,23/01/2023,CDI.PA,0.7184,0.296
Gucci hits runway as fashion world awaits new designer,"Gucci kicked off Milan fashion week on Friday with a lineup of slouchy, androgynous menswear styles, forging ahead with its latest collection while the industry waits for owner Kering to name a new designer for the label.  French luxury group Kering faces pressure to quickly find a replacement following the abrupt departure in November of Alessandro Michele, the flamboyant designer who was a favourite of Harry Styles and Lady Gaga, and reignite sales growth at its largest brand, which accounted for two thirds of profits in 2021.  The question of who will steer Gucci's creative direction loomed over the megabrand's first men's show in the Italian fashion capital in three years.",https://finance.yahoo.com/news/gucci-hits-runway-fashion-world-161455668.html?.tsrc=rss,13/01/2023,CDI.PA,0.0772,0.6249
Models Make Like a Medici in Dior Women’s Spring Campaign,Brigitte Niedermair's images reimagine historical portraits for the digital age.,https://wwd.com/business-news/media/models-make-like-a-medici-in-dior-women-spring-ad-campaign-1235468015/?.tsrc=rss,13/01/2023,CDI.PA,0.3612,0.0
Dior’s new boss is the world’s richest man’s daughter,"Bernard Arnault, the chairman and CEO of luxury conglomerate LVMH, is putting his daughter in charge of Christian Dior Couture.",https://finance.yahoo.com/news/dior-boss-world-richest-man-083317615.html?.tsrc=rss,12/01/2023,CDI.PA,0.5267,0.0
Dior Says It With Flowers in Verdant Men’s Spring Campaign,Rafael Pavarotti shot the images against a lush backdrop designed to evoke an English garden.,https://wwd.com/business-news/media/dior-flowers-garden-verdant-mens-spring-campaign-1235466245/?.tsrc=rss,12/01/2023,CDI.PA,0.0,0.0
"World’s richest man, LVMH’s ‘wolf in cashmere,’ installs daughter as Dior head amid raging succession battle","Eldest child Delphine Arnault, 47, is front-runner to inherit the job running LVMH, the highly profitable luxury goods empire spanning 75 fashion houses.",https://finance.yahoo.com/news/world-richest-man-lvmh-wolf-180814813.html?.tsrc=rss,11/01/2023,CDI.PA,-0.2023,0.4927
Luxury Goods Company LVMH CEO Bernard Arnault's Daughter Takes Helm Of Christian Dior,"LVMH-Moet Hennessy Louis Vuitton (OTC: LVMHF) has appointed Chairman and CEO Bernard Arnault's daughter, Delphine Arnault, as head of Christian Dior Couture. Charles Delapalme, Executive Vice President of Christian Dior Couture in charge of commercial activities since 2018, is named Managing Director of Christian Dior Couture. Pietro Beccari, who has headed Christian Dior Couture since 2018, becomes Chairman and CEO of Louis Vuitton. He succeeds Michael Burke, who will take up new responsibiliti",https://finance.yahoo.com/news/luxury-goods-company-lvmh-ceo-141121314.html?.tsrc=rss,11/01/2023,CDI.PA,0.0,0.4939
"LVMH names new Louis Vuitton CEO, puts Arnault daughter in charge of Dior","LVMH Chairman and CEO Bernard Arnault has reshuffled top management at his luxury goods empire, tightening his family's grip with the appointment of his daughter Delphine to lead Christian Dior, and naming a new boss for Louis Vuitton.  Pietro Beccari, who has been the head of Dior since 2018, is moving to replace long-time Louis Vuitton CEO Michael Burke, 65.  Shares in LVMH, Europe's most valuable company at about 380 billion euros ($408 billion), rose as much as 2% to hit new highs.",https://finance.yahoo.com/news/arnault-tightens-family-grip-lvmh-072338903.html?.tsrc=rss,11/01/2023,CDI.PA,0.0,0.7501
"All Change at LVMH: Pietro Beccari Heads to Vuitton, Delphine Arnault Named CEO of Dior",Michael Burke is bowing out of Vuitton after a stellar 10-year tenure to take up new responsibilities and work directly with Bernard Arnault.,https://wwd.com/business-news/human-resources/vuitton-ceo-new-dior-lvmh-management-changes-1235444356/?.tsrc=rss,11/01/2023,CDI.PA,0.0,0.0
Antoine Arnault Takes on Additional Role at LVMH Family Holding,"He becomes CEO of Christian Dior SE, which controls luxury conglomerate LVMH Moët Hennessy Louis Vuitton.",https://wwd.com/business-news/human-resources/antoine-arnault-additional-role-lvmh-family-holding-1235444453/?.tsrc=rss,09/12/2022,CDI.PA,0.0,0.0
"Compagnie Financière Richemont SA's (VTX:CFR) largest shareholders are individual investors with 56% ownership, institutions own 35%",Key Insights Significant control over Compagnie Financière Richemont by individual investors implies that the general...,https://finance.yahoo.com/news/compagnie-financi-richemont-sas-vtx-075501759.html?.tsrc=rss,29/04/2023,CFR.SW,0.0,0.2023
Are Retail-Wholesale Stocks Lagging  Compagnie Financiere Richemont (CFRUY) This Year?,Here is how Compagnie Financiere Richemont AG (CFRUY) and Chuy's Holdings (CHUY) have performed compared to their sector so far this year.,https://finance.yahoo.com/news/retail-wholesale-stocks-lagging-compagnie-134001507.html?.tsrc=rss,25/04/2023,CFR.SW,-0.2732,0.0
Compagnie Financière Richemont SA's (VTX:CFR) Has Had A Decent Run On The Stock market: Are Fundamentals In The Driver's Seat?,Compagnie Financière Richemont's (VTX:CFR) stock up by 3.2% over the past three months. We wonder if and what role the...,https://finance.yahoo.com/news/compagnie-financi-richemont-sas-vtx-084402938.html?.tsrc=rss,12/04/2023,CFR.SW,0.0,0.0
China’s Wealthy Shoppers Are Back. These Stocks Could Benefit.,HSBC analyst Erwan Rambourg upgraded LVMH Moët Hennessy Louis Vuitton and Cie. Financière Richemont to Buy from Hold,https://finance.yahoo.com/m/c6713f0f-811c-3063-a8c1-4bf6e4d6772d/china%E2%80%99s-wealthy-shoppers-are.html?.tsrc=rss,06/03/2023,CFR.SW,0.6705,0.0
SIG or CFRUY: Which Is the Better Value Stock Right Now?,SIG vs. CFRUY: Which Stock Is the Better Value Option?,https://finance.yahoo.com/news/sig-cfruy-better-value-stock-164004112.html?.tsrc=rss,27/02/2023,CFR.SW,0.6486,0.6486
"Beat the Market Like Zacks: NVIDIA, Boeing, Rockwell Medical in Focus",Our time-tested methodologies were at work to help investors navigate the market well last week. Here are some of our key performance data from the past three months.,https://finance.yahoo.com/news/beat-market-zacks-nvidia-boeing-124812895.html?.tsrc=rss,13/02/2023,CFR.SW,0.3612,0.5859
SIG vs. CFRUY: Which Stock Is the Better Value Option?,SIG vs. CFRUY: Which Stock Is the Better Value Option?,https://finance.yahoo.com/news/sig-vs-cfruy-stock-better-164004612.html?.tsrc=rss,10/02/2023,CFR.SW,0.6486,0.6486
UK watchdog casts eye on Richemont deal to sell online retailer to Farfetch,"Britain's competition watchdog on Tuesday said it was seeking comment on whether Richemont's deal to offload most of its online fashion retailer YOOX Net-A-Porter (YNAP) to Farfetch could harm competition in the UK.  If completed, the deal announced last August would clear the way for Richemont's labels to sign up for technology run by luxury e-commerce specialist Farfetch.  The Competition and Markets Authority said it was considering if the anticipated acquisition by Farfetch of a shareholding and certain rights over YOOX Net-A-Porter Group may lead to a ""substantial lessening"" of competition within any market or markets in Britain.",https://finance.yahoo.com/news/uk-watchdog-casts-eye-richemont-075800010.html?.tsrc=rss,31/01/2023,CFR.SW,0.0,0.3182
Compagnie Financiere Richemont AG (CFRUY) is a Great Momentum Stock: Should You Buy?,Does Compagnie Financiere Richemont AG (CFRUY) have what it takes to be a top stock pick for momentum investors? Let's find out.,https://finance.yahoo.com/news/compagnie-financiere-richemont-ag-cfruy-170005297.html?.tsrc=rss,30/01/2023,CFR.SW,0.6249,0.2023
"Richemont, Burberry optimistic about China luxury sales","Burberry said it was optimistic consumers in China would start spending again and Richemont saw a rebound there before the holiday, helping offset three years of upheaval from the government's strict COVID-19 lockdowns and soaring infections.  Britain's Burberry, famous for its iconic Mackintosh-style coats, said it was seeing ""very promising"" signs of recovery in China as COVID-19 restrictions eased and a spike in the virus that caused a sharp slowdown in growth before Christmas started to recede.  ""We're very positive about the early signs and confident in the long-term opportunity"" in China, said Chief Financial Officer Julie Brown.",https://finance.yahoo.com/news/luxury-group-richemonts-q3-sales-061455320.html?.tsrc=rss,18/01/2023,CFR.SW,0.3182,0.9715
Richemont gains as analysts anticipate recovery in Chinese sales,By Scott Kanowsky,https://finance.yahoo.com/news/richemont-gains-analysts-anticipate-recovery-055625513.html?.tsrc=rss,18/01/2023,CFR.SW,0.34,0.0
What Makes Compagnie Financiere Richemont AG (CFRUY) a Strong Momentum Stock: Buy Now?,Does Compagnie Financiere Richemont AG (CFRUY) have what it takes to be a top stock pick for momentum investors? Let's find out.,https://finance.yahoo.com/news/makes-compagnie-financiere-richemont-ag-170005368.html?.tsrc=rss,11/01/2023,CFR.SW,0.5106,0.2023
Return Trends At Compagnie Financière Richemont (VTX:CFR) Aren't Appealing,"If we want to find a stock that could multiply over the long term, what are the underlying trends we should look for...",https://finance.yahoo.com/news/return-trends-compagnie-financi-richemont-062050912.html?.tsrc=rss,30/12/2022,CFR.SW,0.0,0.0772
No. 9: Let’s Make a Deal,"Richemont and Farfetch announced their long-awaited deal to create a super-platform for fashion and luxury brands and to rev up the online businesses of brands including Cartier, Van Cleef & Arpels and Chloé.",https://wwd.com/business-news/mergers-acquisitions/richemont-farfetch-new-long-awaited-deal-announced-digital-platform-luxury-brands-1235450520/?.tsrc=rss,21/12/2022,CFR.SW,-0.296,0.2732
Is It Too Late To Consider Buying Compagnie Financière Richemont SA (VTX:CFR)?,Compagnie Financière Richemont SA ( VTX:CFR ) led the SWX gainers with a relatively large price hike in the past couple...,https://finance.yahoo.com/news/too-consider-buying-compagnie-financi-135947938.html?.tsrc=rss,15/12/2022,CFR.SW,0.0,0.0
SIG vs. CFRUY: Which Stock Should Value Investors Buy Now?,SIG vs. CFRUY: Which Stock Is the Better Value Option?,https://finance.yahoo.com/news/sig-vs-cfruy-stock-value-164004953.html?.tsrc=rss,07/12/2022,CFR.SW,0.34,0.6486
Compagnie Financière Richemont (VTX:CFR) stock performs better than its underlying earnings growth over last three years,"By buying an index fund, you can roughly match the market return with ease. But if you choose individual stocks with...",https://finance.yahoo.com/news/compagnie-financi-richemont-vtx-cfr-130539541.html?.tsrc=rss,01/12/2022,CFR.SW,0.6705,0.1901
Compagnie Financiere Richemont AG (CFRUY) Moves to Buy: Rationale Behind the Upgrade,"Compagnie Financiere Richemont AG (CFRUY) might move higher on growing optimism about its earnings prospects, which is reflected by its upgrade to a Zacks Rank #2 (Buy).",https://finance.yahoo.com/news/compagnie-financiere-richemont-ag-cfruy-170005768.html?.tsrc=rss,30/11/2022,CFR.SW,0.0,0.7506
Better Buy: LVMH vs. Richemont,"LVMH (OTC: LVMUY) and Richemont (OTC: CFRH.F) are two of the bellwethers of that resilient industry.  LVMH's European shares have declined just 3% this year, while Richemont's shares have pulled back by about 16%.  Paris-based LVMH is the world's largest luxury company.",https://finance.yahoo.com/m/d63c879b-6964-362d-8bfd-14a1788c4c4a/better-buy%3A-lvmh-vs.-richemont.html?.tsrc=rss,24/11/2022,CFR.SW,0.4404,0.5267
Compagnie Financière Richemont SA (VTX:CFR) surges 10%; individual investors who own 55% shares profited along with institutions,"If you want to know who really controls Compagnie Financière Richemont SA ( VTX:CFR ), then you'll have to look at the...",https://finance.yahoo.com/news/compagnie-financi-richemont-sa-vtx-114410872.html?.tsrc=rss,17/11/2022,CFR.SW,0.5423,0.0772
Lululemon (LULU) Gains As Market Dips: What You Should Know,"Lululemon (LULU) closed at $383.12 in the latest trading session, marking a +0.62% move from the prior day.",https://finance.yahoo.com/news/lululemon-lulu-gains-market-dips-215009537.html?.tsrc=rss,03/05/2023,LULU,0.34,0.0
"Stock Screener: Lululemon, Broadcom Set Up After Earnings Pop, See Rising Profit Estimates",This IBD stock screen identified 227 stocks with rising earnings estimates. Broadcom and Lululemon are two of the stocks worth diving into.,https://finance.yahoo.com/m/ebcba114-07e0-3d73-9171-53c7c862b9fb/stock-screener%3A-lululemon%2C.html?.tsrc=rss,03/05/2023,LULU,0.4404,0.296
PVH or LULU: Which Is the Better Value Stock Right Now?,PVH vs. LULU: Which Stock Is the Better Value Option?,https://finance.yahoo.com/news/pvh-lulu-better-value-stock-154003181.html?.tsrc=rss,03/05/2023,LULU,0.6486,0.6486
2 Stocks Ready to Soar in a Bull Market,"These companies are feeling the pressure of inflation, but they have solid businesses and growth trajectories.",https://finance.yahoo.com/m/40ed45d5-3e97-3673-848b-dc1ed435c94a/2-stocks-ready-to-soar-in-a.html?.tsrc=rss,03/05/2023,LULU,0.3612,0.6059
Will Lululemon (LULU) Beat Estimates Again in Its Next Earnings Report?,Lululemon (LULU) has an impressive earnings surprise history and currently possesses the right combination of the two key ingredients for a likely beat in its next quarterly report.,https://finance.yahoo.com/news/lululemon-lulu-beat-estimates-again-161004494.html?.tsrc=rss,02/05/2023,LULU,0.0,0.6597
How to Boost Your Portfolio with Top Consumer Discretionary Stocks Set to Beat Earnings,Investors looking for ways to find stocks that are set to beat quarterly earnings estimates should check out the Zacks Earnings ESP.,https://finance.yahoo.com/news/boost-portfolio-top-consumer-discretionary-130001119.html?.tsrc=rss,02/05/2023,LULU,0.5423,0.0
lululemon athletica inc. (LULU) Is a Trending Stock: Facts to Know Before Betting on It,"Recently, Zacks.com users have been paying close attention to Lululemon (LULU). This makes it worthwhile to examine what the stock has in store.",https://finance.yahoo.com/news/lululemon-athletica-inc-lulu-trending-130001638.html?.tsrc=rss,02/05/2023,LULU,0.0,0.34
"If You Invested $1,000 In Lululemon Stock In 2013, Here's How Much You'd Have Now",It's making money for investors because of growth -- and it's only just started to pull a huge long-term growth lever.,https://finance.yahoo.com/m/ed503905-2838-3a33-8ab3-5c9536525786/if-you-invested-%241%2C000-in.html?.tsrc=rss,30/04/2023,LULU,0.0,0.7579
3 No-Brainer Stocks to Buy With $300 Right Now,"The great thing about investing in the stock market is that you don't need a lot of money to get started.  To help you narrow down your list of choices, three Fool.com contributors recently took a look at Lululemon Athletica (NASDAQ: LULU), Kura Sushi (NASDAQ: KRUS), and Walt Disney (NYSE: DIS).  John Ballard (Lululemon Athletica): Since opening its first store in Canada over 20 years ago, Lululemon continues to prove why it's an emerging global athletic wear brand.",https://finance.yahoo.com/m/971cbf23-d971-3a79-b77c-65715a5eaa62/3-no-brainer-stocks-to-buy.html?.tsrc=rss,29/04/2023,LULU,0.0,0.7783
Lululemon Athletica Debates Selling Mirror Fitness: Here's What It Could Mean for the Stock,The connected exercise equipment company was bought early in the pandemic. The purchase hasn't worked out well.,https://finance.yahoo.com/m/bfd6ee04-8bd3-3ca2-8488-389f3343a2be/lululemon-athletica-debates.html?.tsrc=rss,28/04/2023,LULU,0.2732,-0.2057
Lululemon (LULU) Gains But Lags Market: What You Should Know,"Lululemon (LULU) closed the most recent trading day at $378.08, moving +1.38% from the previous trading session.",https://finance.yahoo.com/news/lululemon-lulu-gains-lags-market-215009242.html?.tsrc=rss,27/04/2023,LULU,-0.3716,0.0
Why Is Lululemon (LULU) Up 3.3% Since Last Earnings Report?,Lululemon (LULU) reported earnings 30 days ago. What's next for the stock? We take a look at earnings estimates for some clues.,https://finance.yahoo.com/news/why-lululemon-lulu-3-3-153003919.html?.tsrc=rss,27/04/2023,LULU,0.0,0.0
15 Best Stocks to Buy and Hold for 3 Years,"In this article, we will take a look at the 15 best stocks to buy and hold for 3 years. To see more such companies, go directly to 5 Best Stocks to Buy and Hold for 3 Years. With out of control inflation, falling banks, uncertain geopolitical situation and layoffs all around you, it’s hard […]",https://finance.yahoo.com/news/15-best-stocks-buy-hold-184100071.html?.tsrc=rss,26/04/2023,LULU,0.6369,0.7351
"IBD Screen Of The Day: Dow Jones Leader Procter & Gamble Breaks Out, And Chipotle Makes Big Plans","Dow Jones leader Procter & Gamble broke out last week on earnings, while Chipotle Mexican Grill soared 14% on earnings results Wednesday.",https://finance.yahoo.com/m/72255774-8e2d-3176-9e7b-3c3ad16cb0dd/ibd-screen-of-the-day%3A-dow.html?.tsrc=rss,26/04/2023,LULU,0.0,-0.4215
"Down 20% to 46%, These Colossal Growth Stocks Could Be Ready for a Surge","Let me get right to the point: Growth stocks are back -- and some remain killer bargains.  Indeed, with nearly a third of 2023 already in the books, growth stocks have easily outperformed their value counterparts.  Growth stocks, as measured by the Vanguard Growth ETF, are up 16% year to date, while value stocks, as measured by the Vanguard Value ETF, are essentially unchanged.",https://finance.yahoo.com/m/29997451-adc8-32b1-a5b6-f43348e444f2/down-20%25-to-46%25%2C-these.html?.tsrc=rss,26/04/2023,LULU,0.6249,0.9136
Yoga Leader Lululemon Stretches Further Into Buy Zone,Lululemon Athletica gapped up nearly 13% after earnings last month and has now stretched into a new breakout.  LULU stock remains in a buy zone as its relative strength line approaches a 52-week high.  The yoga apparel leader has landed a spot on the IBD Leaderboard.,https://finance.yahoo.com/m/e841df15-ad2b-3836-a832-46c20ff8c0c3/yoga-leader-lululemon.html?.tsrc=rss,24/04/2023,LULU,0.0,0.4939
Lululemon Might Reach Its Financial Target Ahead of Schedule. Time to Buy?,"About a year ago, Lululemon Athletica's (NASDAQ: LULU) management team, led by CEO Calvin McDonald, released a new and improved financial outlook, called the ""Power of Three x2"" strategy.  Lululemon had achieved its previous goals ahead of schedule, so the upgraded financial targets were necessary.  During its fiscal 2022 (ended Jan. 29), Lululemon registered revenue of $8.1 billion, up 30% year over year.",https://finance.yahoo.com/m/f0b2a838-4fb1-3522-a5c8-ab4779eba898/lululemon-might-reach-its.html?.tsrc=rss,22/04/2023,LULU,0.0258,0.4767
Lululemon (LULU) Outpaces Stock Market Gains: What You Should Know,"Lululemon (LULU) closed the most recent trading day at $377.80, moving +0.29% from the previous trading session.",https://finance.yahoo.com/news/lululemon-lulu-outpaces-stock-market-215009634.html?.tsrc=rss,21/04/2023,LULU,0.34,0.0
Dow Jones Falls After Key Economic Data; Tesla Downgraded Amid Price Hikes,"The Dow Jones reversed lower Friday after key economic data, with the release of the PMI indexes. Tesla stock was downgraded amid U.S. price hikes.",https://finance.yahoo.com/m/59752b7b-4db9-3361-91ed-ed383f9625d4/dow-jones-falls-after-key.html?.tsrc=rss,21/04/2023,LULU,0.0,-0.296
Dow Jones Falls 200 Points After Jobless Claims; Tesla Dives On Earnings,The Dow Jones dropped 200 points Thursday morning after initial jobless claims. Elon Musk-led Tesla dived 8% on earnings.,https://finance.yahoo.com/m/8fb7750e-7fa5-3464-85ac-da3c30c6d481/dow-jones-falls-200-points.html?.tsrc=rss,20/04/2023,LULU,0.0,0.0
Moncler notes signs of recovery in China as annual result tops expectations,By Scott Kanowsky,https://finance.yahoo.com/news/moncler-notes-signs-recovery-china-062108529.html?.tsrc=rss,01/03/2023,MONC.MI,0.5106,0.0
20 Largest Apparel Companies In The World,"In this article, we discuss the 20 largest apparel companies in the world. If you want to read about some more apparel companies, go directly to 5 Largest Apparel Companies In The World. The apparel industry is one of the largest and most dynamic industries in the world. It encompasses designing, producing, and selling clothing, […]",https://finance.yahoo.com/news/20-largest-apparel-companies-world-133658807.html?.tsrc=rss,12/02/2023,MONC.MI,0.0,0.4927
21 Largest Italian Companies by Market Cap,"In this article, we will discuss the 21 largest Italian companies by market cap. If you want to explore similar companies, you can also take a look at 5 Largest Italian Companies by Market Cap. The Economy of Italy The Italian economy is the third largest in the Eurozone and the eighth largest in the […]",https://finance.yahoo.com/news/21-largest-italian-companies-market-173031728.html?.tsrc=rss,28/01/2023,MONC.MI,0.0,0.0772
Moncler Celebrates 70th Anniversary,"Chairman and CEO Remo Ruffini has mapped out a series of exhibitions around the world, a dedicated campaign and a major event in Milan on Saturday evening.",https://wwd.com/business-news/business-features/moncler-70th-anniversary-1235333581/?.tsrc=rss,20/09/2022,MONC.MI,0.5719,0.4588
"Moncler Sees 46 Percent Bump in H1 Sales, Sets Plans for Stone Island","CEO Remo Ruffini said that despite myriad macro pressures Moncler Group exceeded expectations in the first half, thanks to double-digit gains at Moncler and Stone Island.",https://wwd.com/business-news/financial/moncler-sees-46-bump-first-half-sales-plans-stone-island-1235263613/?.tsrc=rss,27/07/2022,MONC.MI,0.0,0.7401
"Moncler Shares Fall on New Strategy for Grenoble, Genius Brands","During the group's Capital Markets Day, chairman and CEO Remo Ruffini said Moncler will also invest in building its footwear category.",https://wwd.com/business-news/financial/moncler-rebooting-grenoble-brand-evolving-genius-model-1235174664/?.tsrc=rss,05/05/2022,MONC.MI,0.296,0.0
"Moncler bets on store expansion, footwear to drive growth","MILAN (Reuters) -Italian luxury group Moncler said on Thursday it would open, refurbish or relocate 200 stores in the next three years, mostly in Asia, and diversify into shoes and clothes for warmer weather.  The group, which in 2020 acquired streetwear brand Stone Island, also said it expected to beat analyst forecasts for annual sales of 2.43 billion euros ($2.57 billion) this year - up 18.5% from last year - provided a new round of lockdowns in some Chinese cities ended by July.  ""We think we can do 20%-25% (sales) growth,"" Chief Corporate and Supply Officer Luciano Santel told reporters on the sidelines of an investor presentation.",https://finance.yahoo.com/news/moncler-open-more-stores-increase-075418621.html?.tsrc=rss,05/05/2022,MONC.MI,0.3818,0.296
"Swatch Group AG (SWGAY) May Find a Bottom Soon, Here's Why You Should Buy the Stock Now","Swatch Group AG (SWGAY) appears to have found support after losing some value lately, as indicated by the formation of a hammer chart. In addition to this technical chart pattern, strong agreement among Wall Street analysts in revising earnings estimates higher enhances the stock's potential for a turnaround in the near term.",https://finance.yahoo.com/news/swatch-group-ag-swgay-may-135501349.html?.tsrc=rss,28/03/2023,UHR.SW,0.0,0.8402
Luxury’s ‘relentless bid’ shows no signs of stopping,It appears there's a 'relentless bid' for high-end luxury goods.,https://finance.yahoo.com/news/luxurys-relentless-bid-shows-no-signs-of-stopping-172444228.html?.tsrc=rss,13/02/2023,UHR.SW,-0.4215,0.0516
Swatch positive on recovery in luxury demand from China,"Swatch Group shares hit their highest level in nearly two-and-a-half years on Tuesday after the world's biggest watchmaker said it expected a recovery in luxury demand from China.  The maker of high-end Omega, Tissot and Longines timepieces as well as its eponymous mass-market plastic watches said sales in China in January had already exceeded the high levels seen in January 2022.  The Swiss company said it expects record sales in 2023 boosted by the return of demand in China, Hong Kong and Macau, which was hit by the return of COVID-19 cases last year, and as Chinese tourists resume their travels.",https://finance.yahoo.com/news/swatch-group-positive-chinese-market-064445382.html?.tsrc=rss,24/01/2023,UHR.SW,0.4767,0.5859
Swatch shares gain amid optimism over Chinese demand recovery,By Scott Kanowsky,https://finance.yahoo.com/news/swatch-shares-gain-amid-optimism-040536203.html?.tsrc=rss,24/01/2023,UHR.SW,0.8225,0.0
Institutions profited after The Swatch Group AG's (VTX:UHR) market cap rose CHF974m last week butindividual investors profited the most,Every investor in The Swatch Group AG ( VTX:UHR ) should be aware of the most powerful shareholder groups. And the...,https://finance.yahoo.com/news/institutions-profited-swatch-group-ags-060643586.html?.tsrc=rss,06/01/2023,UHR.SW,0.5574,0.4754
Is There Now An Opportunity In The Swatch Group AG (VTX:UHR)?,Let's talk about the popular The Swatch Group AG ( VTX:UHR ). The company's shares saw a double-digit share price rise...,https://finance.yahoo.com/news/now-opportunity-swatch-group-ag-122449536.html?.tsrc=rss,20/12/2022,UHR.SW,0.4215,0.7351
Swatch Group AG (SWGAY) Upgraded to Buy: What Does It Mean for the Stock?,"Swatch Group AG (SWGAY) might move higher on growing optimism about its earnings prospects, which is reflected by its upgrade to a Zacks Rank #2 (Buy).",https://finance.yahoo.com/news/swatch-group-ag-swgay-upgraded-170005959.html?.tsrc=rss,08/12/2022,UHR.SW,0.0,0.7506
"While shareholders of Swatch Group (VTX:UHR) are in the red over the last five years, underlying earnings have actually grown",The Swatch Group AG ( VTX:UHR ) shareholders should be happy to see the share price up 13% in the last quarter. But...,https://finance.yahoo.com/news/while-shareholders-swatch-group-vtx-061642836.html?.tsrc=rss,04/12/2022,UHR.SW,0.0,0.7096
We Like These Underlying Return On Capital Trends At Swatch Group (VTX:UHR),What are the early trends we should look for to identify a stock that could multiply in value over the long term...,https://finance.yahoo.com/news/underlying-return-capital-trends-swatch-125008882.html?.tsrc=rss,17/11/2022,UHR.SW,0.3612,0.34
Is The Swatch Group AG's (VTX:UHR) Recent Price Movement Underpinned By Its Weak Fundamentals?,Swatch Group (VTX:UHR) has had a rough three months with its share price down 11%. It seems that the market might have...,https://finance.yahoo.com/news/swatch-group-ags-vtx-uhr-121454715.html?.tsrc=rss,31/10/2022,UHR.SW,-0.4404,0.296
Cars and 'collabs': luxury watchmakers turn to autos for inspiration,"Luxury watchmakers, both big and small, are teaming up with high-end automakers.",https://finance.yahoo.com/news/cars-and-collabs-luxury-watchmakers-turn-to-autos-for-inspiration-145447169.html?.tsrc=rss,28/05/2022,UHR.SW,0.5267,0.0
V.F. (VFC) Gains As Market Dips: What You Should Know,"V.F. (VFC) closed at $21.95 in the latest trading session, marking a +0.73% move from the prior day.",https://finance.yahoo.com/news/v-f-vfc-gains-market-221510587.html?.tsrc=rss,03/05/2023,VFC,0.34,0.0
VF Corporation Announces Fourth Quarter Fiscal 2023 Earnings and Conference Call Date,"DENVER, May 02, 2023--VF Corporation Announces Fourth Quarter Fiscal 2023 Earnings and Conference Call Date",https://finance.yahoo.com/news/vf-corporation-announces-fourth-quarter-203000567.html?.tsrc=rss,02/05/2023,VFC,0.0,0.0
V.F. (VFC) Stock Moves -0.22%: What You Should Know,"In the latest trading session, V.F. (VFC) closed at $22.26, marking a -0.22% move from the previous day.",https://finance.yahoo.com/news/v-f-vfc-stock-moves-221510673.html?.tsrc=rss,26/04/2023,VFC,0.0,0.0
Where Will VF Corporation Stock Be in 3 Years?,"VF Corporation's (NYSE: VFC) stock closed at an all-time high of $89.32 on Jan. 2, 2020. At the time, investors were impressed by the apparel and footwear maker's stable growth rates. But today, VF's stock trades at about $23.",https://finance.yahoo.com/m/7cee5116-d962-3b7f-9148-5cee27241ee5/where-will-vf-corporation.html?.tsrc=rss,26/04/2023,VFC,0.0,0.5346
Better Buy: Crocs vs. VF Corporation Stock,Crocs (NASDAQ: CROX) and VF Corporation (NYSE: VFC) have headed in opposite directions over the past 12 months.  Crocs' stock more than doubled as it continued to generate double-digit sales growth in a challenging macro environment.  VF Corp's stock was cut in half as investors fretted over its slowing growth and soaring inventories.,https://finance.yahoo.com/m/da4957e4-5b0b-3158-ab16-35e9fdf58a69/better-buy%3A-crocs-vs.-vf.html?.tsrc=rss,25/04/2023,VFC,0.4404,0.5719
VF Corp. Is Down 78% From Its High. Time to Buy?,"Investors might be drawn to the beaten-down apparel stock thanks to an analyst upgrade, but there's still a lot to dislike.",https://finance.yahoo.com/m/9c85c524-e0aa-3384-b34a-ee13c09f6f13/vf-corp.-is-down-78%25-from-its.html?.tsrc=rss,19/04/2023,VFC,0.0,-0.3506
Stock Market Sell-Off: Is VF Corp. a Buy?,"Shoe and apparel company VF Corp. (NYSE: VFC) has had a tough 12 months, falling a whopping 60%.  This company with a basket of iconic brands has become an intriguing comeback candidate, but the journey could have bumps.  Here is what investors should look for.",https://finance.yahoo.com/m/297c514c-da5b-3e46-8b47-c69c2ddf96ef/stock-market-sell-off%3A-is-vf.html?.tsrc=rss,19/04/2023,VFC,0.0,-0.1406
Top 10 Luxury Clothing Stocks to Buy,"In this article, we will take a look at the top 10 luxury clothing stocks to buy. To see more such companies, go directly to Top 5 Luxury Clothing Stocks to Buy. The luxury goods market is famous for staying resilient and strong during recessionary environments. That’s because the rich and wealthy are usually the […]",https://finance.yahoo.com/news/top-10-luxury-clothing-stocks-210354634.html?.tsrc=rss,16/04/2023,VFC,0.2023,0.9001
VF Corp. Is a Buy. Analyst Says Stock ‘Is Nearing An Inflection Point.’,"Goldman Sachs analyst Brooke Roach says challenges for the stock ""are increasingly in the rearview mirror.""",https://finance.yahoo.com/m/6ef46afe-4f95-30a6-9064-dee87a4022f1/vf-corp.-is-a-buy.-analyst.html?.tsrc=rss,14/04/2023,VFC,0.0,0.0772
3 Undervalued Dividend Stocks With 5%+ Yields,"When combined with substantial total return potential, high-yielding stocks can become exceptionally rewarding investments.",https://finance.yahoo.com/m/63c517b7-66ef-3f50-8e33-7689f51147c1/3-undervalued-dividend-stocks.html?.tsrc=rss,14/04/2023,VFC,0.0,0.6697
"VF Corp. Names Jen McLaren President of Altra, Moves Todd Dalhausser to Dickies","Additionally, VF Corp. announced Icebreaker president Jan Van Mossevelde will assume responsibility for the Smartwool brand.",https://footwearnews.com/2023/business/executive-moves/altra-president-jen-mclaren-dickies-todd-dalhausser-vf-corp-1203443268/?.tsrc=rss,07/04/2023,VFC,0.0,0.0
V.F. (VFC) Stock Sinks As Market Gains: What You Should Know,"V.F. (VFC) closed at $22.55 in the latest trading session, marking a -1.57% move from the prior day.",https://finance.yahoo.com/news/v-f-vfc-stock-sinks-220010591.html?.tsrc=rss,03/04/2023,VFC,0.34,0.0
Timberland Supports Communities of Color and Releases the Hip Hop Royalty Boot To Commemorate 50th Anniversary,"To continue Timberland's 50th anniversary celebration and honor the communities that helped propel the brand to where it is today, Timberland will host five youth design workshops in partnership with Black-owned creative brand CNSTNT:DVLPMNT. Founded by Timberland senior footwear designer, Chris Dixon, CNSTNT:DVLPMNT cultivates untapped talent and expands the creative community, particularly by engaging young communities of color.",https://finance.yahoo.com/news/timberland-supports-communities-color-releases-145000662.html?.tsrc=rss,31/03/2023,VFC,0.3612,0.931
15 Best Consumer Discretionary Dividend Stocks To Buy Now,"In this article, we will take a look at the 15 best consumer discretionary dividend stocks to buy now. To see more such companies, go directly to 5 Best Consumer Discretionary Dividend Stocks To Buy Now. The consumer discretionary sector took a hit last year as shoppers tend to cut back on discretionary spending when […]",https://finance.yahoo.com/news/15-best-consumer-discretionary-dividend-134355043.html?.tsrc=rss,30/03/2023,VFC,0.6369,0.8074
Celebrating the Bold Women of Timberland,"NORTHAMPTON, MA / ACCESSWIRE / March 30, 2023 / Timberland Global footwear and apparel brand Timberland has a longstanding commitment to support women in the workplace. By empowering all of its employees no matter their gender identity, Timberland ...",https://finance.yahoo.com/news/celebrating-bold-women-timberland-131000246.html?.tsrc=rss,30/03/2023,VFC,0.743,0.4939
Here is What to Know Beyond Why V.F. Corporation (VFC) is a Trending Stock,"Recently, Zacks.com users have been paying close attention to V.F. (VFC). This makes it worthwhile to examine what the stock has in store.",https://finance.yahoo.com/news/know-beyond-why-v-f-130001697.html?.tsrc=rss,29/03/2023,VFC,0.0,0.34
Timberland Works To Close the Skilled Trades Gap,"NORTHAMPTON, MA / ACCESSWIRE / March 29, 2023 / Timberland: With the average age of skilled workers being 43 years old, many will retire and eventually there will be a shortage of labor workers. With a stigma grounded in outdated views about the ...",https://finance.yahoo.com/news/timberland-works-close-skilled-trades-121000945.html?.tsrc=rss,29/03/2023,VFC,0.0,-0.25
Parnassus on VF Corp's Dividend Cut and Outlook,Is the stock a good value after its worst annual performance in over 20 years?,https://finance.yahoo.com/news/parnassus-vf-corps-dividend-cut-154643769.html?.tsrc=rss,28/03/2023,VFC,-0.2732,0.0516
"At US$20.84, Is It Time To Put V.F. Corporation (NYSE:VFC) On Your Watch List?","V.F. Corporation ( NYSE:VFC ), might not be a large cap stock, but it saw significant share price movement during...",https://finance.yahoo.com/news/us-20-84-time-put-144556233.html?.tsrc=rss,28/03/2023,VFC,0.0,0.6124
Inside Foot Locker CEO's plan to run a better business,Foot Locker CEO Mary Dillon takes Yahoo Finance inside her revival plan for the sneaker retailer.,https://finance.yahoo.com/news/inside-foot-locker-ceos-plan-to-run-a-better-business-215217924.html?.tsrc=rss,27/03/2023,VFC,0.4404,0.0
Resilient performance continues in uncertain times,"Financial highlights Brand registers its fourth consecutive quarter of resilient growth despite the macroeconomic challenges.Q1 2023 organic growth at 1% and like-for-like (LFL) at 0%.LFL in key markets in Europe sequentially improves to 0%, US remains at -7% as in Q4 and Rest of Pandora remains strong at 12%.Network expansion drives 3% growth and generates strong margins.Gross margins continue the upward trend witnessed over past years and reach 77.5%, +1.5pp vs. Q1 2022. Pricing actions, chann",https://finance.yahoo.com/news/resilient-performance-continues-uncertain-times-053000820.html?.tsrc=rss,03/05/2023,PNDORA.CO,-0.296,0.946
Transactions in connection with share buyback programme,"On 8 February 2023, Pandora announced a new share buyback programme, cf. Company announcement no. 769. The share buyback programme is executed in accordance with Regulation (EU) No 596/2014 of the European Parliament and of the Council of 16 April 2014 on market abuse (market abuse regulation). The purpose of the programme is to reduce Pandora’s share capital and to meet obligations arising from company incentive programmes. Under the programme Pandora will repurchase shares for an aggregate max",https://finance.yahoo.com/news/transactions-connection-share-buyback-programme-125800892.html?.tsrc=rss,01/05/2023,PNDORA.CO,0.296,-0.5423
PANDORA REDUCES TREASURY SHARES TO LESS THAN 5% OF SHARE CAPITAL,"In accordance with Section 31 of the Capital Market Act, it is hereby announced that Pandora A/S as of today owns a total of 1,769,938 treasury shares of nominally DKK 1, hence less than 5% of the total share capital and the total voting rights in the Company. The decrease in number of treasury shares is a consequence of the share capital reduction resolved by the Company’s Annual General Meeting on 16 March 2023, which was effected today cf. Company announcement no. 783. ABOUT PANDORAPandora is",https://finance.yahoo.com/news/pandora-reduces-treasury-shares-less-125200518.html?.tsrc=rss,17/04/2023,PNDORA.CO,0.8126,0.8481
REDUCTION OF PANDORA A/S' SHARE CAPITAL,"At Pandora A/S’ Annual General Meeting on 16 March 2023, it was resolved to reduce the Company’s share capital with a nominal amount of DKK 6,500,000 by cancellation of 6,500,000 treasury shares of DKK 1. The share capital reduction was announced in the Danish Business Authority's it-system on 16 March 2023 and the 4-week notification period has expired with no objections. The Board of Directors has therefore today resolved to effect the share capital reduction. After reduction of the share capi",https://finance.yahoo.com/news/reduction-pandora-share-capital-085200649.html?.tsrc=rss,17/04/2023,PNDORA.CO,0.296,0.875
Long Term Incentive Plans for Executive Management and Other Key Employees in Pandora,"Today, Pandora A/S (“Pandora”) announces the annual grant of performance shares for 2023 under its Long-term incentive plan (“LTIP”), in accordance with its Remuneration Policy. The LTIP provides for a target grant of 28,114 shares (maximum: 56,228 shares) to Pandora’s Executive Management, conditional on performance (i.e., the grant is in the form of Performance shares units (“PSUs”)). In total, considering all participants (Executive Management and key employees) a target grant of 170,000 shar",https://finance.yahoo.com/news/long-term-incentive-plans-executive-080000635.html?.tsrc=rss,01/04/2023,PNDORA.CO,0.3612,0.9442
COURSE OF ANNUAL GENERAL MEETING,On 16 March 2023 the Annual General Meeting (the “Meeting”) in Pandora A/S (the “Company”) was held. The Meeting considered the following agenda items. The Board of Directors' (the “Board”) report on the Company's activities during the past financial year The report was not subject to voting. The Meeting took note of the report. Adoption of the audited 2022 Annual Report The audited 2022 Annual Report was adopted. Presentation of the 2022 Remuneration ReportAn advisory vote was cast for approval,https://finance.yahoo.com/news/course-annual-general-meeting-123300106.html?.tsrc=rss,16/03/2023,PNDORA.CO,0.0,0.4767
Pandora successfully prices its debut EUR 500m Sustainability-Linked Eurobond,"Pandora A/S has successfully placed an aggregate principal amount of EUR 500 million senior unsecured sustainability-linked notes due 2028 (the “Notes”) under its newly established EMTN programme. Investor demand for the new issue peaked at more than EUR 2 billion, following a two-day marketing exercise. The Notes will be issued 10 March 2023, at a price of 99.46 and with a fixed coupon of 4.500% per annum and will be listed on Euronext Dublin. Moody’s is expected to rate the bonds Baa2 and Stan",https://finance.yahoo.com/news/pandora-successfully-prices-debut-eur-152100217.html?.tsrc=rss,03/03/2023,PNDORA.CO,0.4939,0.0258
Notice of Annual General Meeting,"The Annual General Meeting (the “Meeting”) of Pandora A/S (the ""Company"") is hereby convened to be held on Thursday, 16 March 2023 at 10:00 a.m. CET (doors will open at 9:30) The Meeting will be held at Pandora A/S, Havneholmen 17-19, DK-1561 Copenhagen V, Denmark with the following agenda: The Board of Directors' (the “Board”) report on the Company's activities during the past financial year.Adoption of the audited 2022 Annual Report.Presentation of the 2022 Remuneration Report.Adoption of prop",https://finance.yahoo.com/news/notice-annual-general-meeting-090000248.html?.tsrc=rss,17/02/2023,PNDORA.CO,0.0,0.0
"PANDORA INITIATES A DKK 2.4 BILLION SHARE BUY-BACK, WITH AN INTENTION TO GO UP TO DKK 5.0 BILLION","The Board of Directors has decided to launch a new share buy-back programme of DKK 2.4 billion with an intention to go up to a total of DKK 5.0 billion during the next 12 months, depending on how the macroeconomic climate develops throughout the year. Pandora has appointed Danske Bank as lead manager on the initial DKK 2.4 billion buy-back programme, which will run from 8 February 2023 until 30 June 2023. Any subsequent share buy-back programmes will be carried out in the period between 3 July 2",https://finance.yahoo.com/news/pandora-initiates-dkk-2-4-063200962.html?.tsrc=rss,08/02/2023,PNDORA.CO,0.4466,0.5267
Pandora Annual Report 2022,Please find the Annual Report for 2022 and Sustainability Report for 2022 enclosed. Attachments Pandora Annual Report 2022 PAND-2022-12-31-en Pandora Sustainability Report 2022,https://finance.yahoo.com/news/pandora-annual-report-2022-063100194.html?.tsrc=rss,08/02/2023,PNDORA.CO,0.0,0.5267
Full year results at the high-end of the guidance - Strong brand drives resilient growth,"Financial highlights Full year organic growth ended at 7% (guidance 4-6%) and the EBIT margin at 25.5% (guidance 25-25.5%).Q4 2022 organic growth of 4% (19% vs Q4 2019) comprising of sell-out growth of -1% (negatively impacted by the fire in the European Distribution Center by roughly 1pp) and network expansion of +4%.Brand shows good resilience in macroeconomic uncertainty; US sell-out growth improves sequentially to -7%, Europe resilient at +2% sell-out growth despite some pockets of macro-dri",https://finance.yahoo.com/news/full-results-high-end-guidance-063000274.html?.tsrc=rss,08/02/2023,PNDORA.CO,0.7096,0.9169
CHANGES TO THE BOARD OF DIRECTORS,"Pandora announces the following changes to its Board of Directors. Heine DalsgaardDue to recent changes in his executive commitments, Heine Dalsgaard has decided not to seek re-election to Pandora’s Board at the Annual General Meeting in March 2023. Peter A. Ruzicka, Chair of the Board says: “The Board would like to thank him for his valuable contribution to Pandora’s successful development and his support to the Phoenix strategy and wish him all the best in his new role.” Heine Dalsgaard joined",https://finance.yahoo.com/news/changes-board-directors-090000415.html?.tsrc=rss,10/01/2023,PNDORA.CO,0.0,0.9682
15 Biggest Jewelry Companies in the World,"In this article, we take a look at the 15 biggest jewelry companies in the world. You can skip our detailed analysis of the global jewelry industry and go directly to 5 Biggest Jewelry Companies in the World. Market Insights The global jewelry market is valued at $249 billion as of 2021 and is projected […]",https://finance.yahoo.com/news/15-biggest-jewelry-companies-world-182827370.html?.tsrc=rss,27/11/2022,PNDORA.CO,0.0,0.4404
MAJOR SHAREHOLDER ANNOUNCEMENT,"In accordance with section 30 of the Capital Markets Act, Pandora A/S hereby announces that Société Générale S.A. has reduced its holding in the company and now in total controls below 5% of the share and voting rights of the company. About PandoraPandora is the world's largest jewellery brand. The company designs, manufactures and markets hand-finished jewellery made from high-quality materials at affordable prices. Pandora jewellery is sold in more than 100 countries through 6,400 points of sa",https://finance.yahoo.com/news/major-shareholder-announcement-130500774.html?.tsrc=rss,17/11/2022,PNDORA.CO,0.0,0.296
Pandora shares rise after jeweler confirms FY guidance despite recession fears,By Scott Kanowsky,https://finance.yahoo.com/news/pandora-shares-rise-jeweler-confirms-094629401.html?.tsrc=rss,08/11/2022,PNDORA.CO,0.7063,0.0
On track to deliver on the full year guidance - Diamonds by Pandora well received in North America,"Highlights Organic growth of 3% and sell-out growth of 1% vs Q3 2021 (13% organic growth vs Q3 2019)Phoenix strategy on track. Brand metrics remain strong, the core platform is growing while important steps to build new platforms have been takenPandora’s biggest product platform, Moments, delivered 2% sell-out growth vs Q3 2021 Diamonds by Pandora was launched in North America on 25 August and reached 3% share of sell-out As expected, US was down 3% organically as the market is comping the unusu",https://finance.yahoo.com/news/track-deliver-full-guidance-diamonds-063000355.html?.tsrc=rss,08/11/2022,PNDORA.CO,0.2732,0.9538
UPDATE REGARDING PANDORA’S EUROPEAN DISTRIBUTION CENTRE,"On Sunday October 30, Pandora’s European distribution centre, located in Hamburg, Germany was affected by a fire, as communicated earlier, cf. Company Announcement no. 746. The fire has been extinguished and access to the premises is possible. The jewellery inventory is intact, and we expect distribution will be back to normal in a few weeks. In the meantime stock for Pandora stores in Europe will to the furthest possible extent be fulfilled by our Thailand distribution centre to ensure business",https://finance.yahoo.com/news/regarding-pandora-european-distribution-centre-141600371.html?.tsrc=rss,31/10/2022,PNDORA.CO,0.0,-0.1027
PANDORA’S EUROPEAN DISTRIBUTION CENTER AFFECTED BY FIRE,"Today, Pandora’s European distribution center, located in Hamburg, Germany has been affected by a fire. Fortunately, no people have been impacted by the incident. The fire is under control but firefighting is still ongoing and hence the extent of the damage to the facility, inventories and operational impact is yet to be assessed. To mitigate disruptions caused by the incident Pandora’s other points of distribution will to the furthest possible extent service the European markets . Online sales",https://finance.yahoo.com/news/pandora-european-distribution-center-affected-153100073.html?.tsrc=rss,30/10/2022,PNDORA.CO,-0.4588,-0.8934
Pandora unveils its first ever art collaboration - Keith Haring X Pandora,"Today Pandora announced a jewelry collection inspired by the late artist and activist Keith Haring, who was part of the legendary New York art scene during the 1980s. The 12-piece collection features Haring's colorful and symbolic works including the barking dog, angel baby and signature bold lines.",https://finance.yahoo.com/news/pandora-unveils-first-ever-art-120000965.html?.tsrc=rss,22/09/2022,PNDORA.CO,0.0,0.7003
Pandora democratizes diamonds with U.S. and Canada lab-created diamond launch and campaign featuring Ashley Graham and Rosario Dawson,"Pandora, the world's largest jewellery brand, announces today that Diamonds by Pandora is available in the U.S. and Canada. Featuring lab-created diamonds grown in the U.S. and crafted with 100% recycled silver and gold, the new collection combines design and sustainability and makes diamond jewellery – the epitome of luxury – accessible to more people.",https://finance.yahoo.com/news/pandora-democratizes-diamonds-u-canada-130300309.html?.tsrc=rss,25/08/2022,PNDORA.CO,0.34,0.34
"Hanesbrands (HBI) Q1 Earnings Meet Estimates, Sales Fall Y/Y",Hanesbrands' (HBI) mixed first-quarter 2023 results were hurt by a macro-driven slowdown in consumer spending and currency headwinds.,https://finance.yahoo.com/news/hanesbrands-hbi-q1-earnings-meet-224210550.html?.tsrc=rss,03/05/2023,RL,0.0,-0.5267
Ralph Lauren (RL) Stock Moves -1.06%: What You Should Know,"In the latest trading session, Ralph Lauren (RL) closed at $112.50, marking a -1.06% move from the previous day.",https://finance.yahoo.com/news/ralph-lauren-rl-stock-moves-221510741.html?.tsrc=rss,02/05/2023,RL,0.0,0.0
"Skechers' (SKX) Q1 Earnings Beat Estimates, Sales Rise Y/Y",Skechers' (SKX) Q1 results driven by strength in brands and the demand for comfort technology products. International sales grew 21.1% in the quarter.,https://finance.yahoo.com/news/skechers-skx-q1-earnings-beat-213809249.html?.tsrc=rss,28/04/2023,RL,0.0,0.6369
Ralph Lauren (RL) Dips More Than Broader Markets: What You Should Know,"In the latest trading session, Ralph Lauren (RL) closed at $111.99, marking a -0.39% move from the previous day.",https://finance.yahoo.com/news/ralph-lauren-rl-dips-more-221510971.html?.tsrc=rss,26/04/2023,RL,0.0,0.0
"Aaron's (AAN) Q1 Earnings Beat Estimates, Revenues Up Y/Y",Aaron's (AAN) first-quarter 2023 revenues and earnings surpass the Zacks Consensus Estimate. BrandsMart's revenues come in at $144.2 million in the quarter.,https://finance.yahoo.com/news/aarons-aan-q1-earnings-beat-163804278.html?.tsrc=rss,25/04/2023,RL,0.0,0.0
Whirlpool (WHR) Q1 Earnings and Sales Surpass Estimates,Whirlpool's (WHR) first-quarter top and bottom lines decline year over year because of the softening global demand and unfavorable product/mix.,https://finance.yahoo.com/news/whirlpool-whr-q1-earnings-sales-113711873.html?.tsrc=rss,25/04/2023,RL,0.0,0.0772
Declining Stock and Solid Fundamentals: Is The Market Wrong About Ralph Lauren Corporation (NYSE:RL)?,"It is hard to get excited after looking at Ralph Lauren's (NYSE:RL) recent performance, when its stock has declined...",https://finance.yahoo.com/news/declining-stock-solid-fundamentals-market-185741487.html?.tsrc=rss,24/04/2023,RL,-0.3612,0.25
Wolverine (WWW) Rides High on Growth Strategies: Apt to Hold,Wolverine (WWW) is focused on strengthening its direct-to-consumer business. The company also reinforces its presence across international markets.,https://finance.yahoo.com/news/wolverine-rides-high-growth-strategies-141002060.html?.tsrc=rss,21/04/2023,RL,0.3818,0.7003
3 Stocks to Buy Before They Soar to New Heights in 2023,"Many stocks are recovering from the losses they endured last year, with some looking ready to break out and test new highs. Many of the top stocks to buy in down markets have led the way higher in 2023. These strong performers have been propelled higher by solid earnings and improving sentiment among analysts and investors. The key for retail investors is spotting the stocks on the cusp of soaring and buying before the price rockets upwards. This isn’t easy, especially as the stock market swings",https://finance.yahoo.com/news/3-stocks-buy-soar-heights-142142769.html?.tsrc=rss,20/04/2023,RL,0.0,0.8807
"Snap-on (SNA) Earnings & Sales Beat Estimates in Q1, Rise Y/Y","Snap-on's (SNA) Q1 results reflect gains from robust organic sales growth, positive business momentum and contributions from its Value Creation plan.",https://finance.yahoo.com/news/snap-sna-earnings-sales-beat-132101807.html?.tsrc=rss,20/04/2023,RL,0.0,0.926
"Central Garden & Pet (CENT) Updates View, Hurt by Garden Unit","Central Garden & Pet's (CENT) revises EPS view for fiscal 2023. The guidance includes the impacts of macroeconomic volatility, cost inflation and changing consumer behavior.",https://finance.yahoo.com/news/central-garden-pet-cent-updates-135801924.html?.tsrc=rss,19/04/2023,RL,-0.5267,0.0
Are Consumer Discretionary Stocks Lagging  Marriott International (MAR) This Year?,Here is how Marriott International (MAR) and Ralph Lauren (RL) have performed compared to their sector so far this year.,https://finance.yahoo.com/news/consumer-discretionary-stocks-lagging-marriott-134001652.html?.tsrc=rss,19/04/2023,RL,-0.2732,0.0
RL vs. LULU: Which Stock Is the Better Value Option?,RL vs. LULU: Which Stock Is the Better Value Option?,https://finance.yahoo.com/news/rl-vs-lulu-stock-better-154003778.html?.tsrc=rss,17/04/2023,RL,0.6486,0.6486
Deckers Outdoor (DECK) Banks on Strategic Endeavors for Growth,Deckers' (DECK) strategic endeavors are paying off well for the company. Its robust direct-to-consumer business is also contributing toward the company's growth.,https://finance.yahoo.com/news/deckers-outdoor-deck-banks-strategic-122612963.html?.tsrc=rss,17/04/2023,RL,0.3818,0.7269
Top 10 Luxury Clothing Stocks to Buy,"In this article, we will take a look at the top 10 luxury clothing stocks to buy. To see more such companies, go directly to Top 5 Luxury Clothing Stocks to Buy. The luxury goods market is famous for staying resilient and strong during recessionary environments. That’s because the rich and wealthy are usually the […]",https://finance.yahoo.com/news/top-10-luxury-clothing-stocks-210354634.html?.tsrc=rss,16/04/2023,RL,0.2023,0.9001
Whirlpool (WHR) Relies on Growth Efforts Amid Inflation Woes,"Although Whirlpool (WHR) is facing an ongoing challenging environment and sluggish demand from rising inflation, its productivity and pricing actions are likely to aid.",https://finance.yahoo.com/news/whirlpool-whr-relies-growth-efforts-144302619.html?.tsrc=rss,13/04/2023,RL,-0.0772,-0.3818
"Digital Efforts, Strong Demand to Keep Aiding Ralph Lauren (RL)","Ralph Lauren (RL) looks poised for growth on robust demand, brand strength, digital initiatives and the Next Great Chapter plan.",https://finance.yahoo.com/news/digital-efforts-strong-demand-keep-141102754.html?.tsrc=rss,13/04/2023,RL,0.4215,0.9153
Here's Why lululemon (LULU) is Marching Ahead of Its Industry,"Despite rising costs, lululemon (LULU) is poised for long-term growth on a continued business momentum, the Power of Three x2 growth plan and robust traffic trends.",https://finance.yahoo.com/news/heres-why-lululemon-lulu-marching-144902608.html?.tsrc=rss,12/04/2023,RL,0.0,0.8225
Skechers' (SKX) Omnichannel Capabilities Appear Encouraging,Skechers (SKX) is gaining from solid direct-to-consumer sales and comfort technology footwear. Its international business also appears encouraging.,https://finance.yahoo.com/news/skechers-skx-omnichannel-capabilities-appear-130001445.html?.tsrc=rss,12/04/2023,RL,0.5267,0.8519
Should Value Investors Buy PVH (PVH) Stock?,"Here at Zacks, our focus is on the proven Zacks Rank system, which emphasizes earnings estimates and estimate revisions to find great stocks. Nevertheless, we are always paying attention to the latest value, growth, and momentum trends to underscore strong picks.",https://finance.yahoo.com/news/value-investors-buy-pvh-pvh-134001177.html?.tsrc=rss,11/04/2023,RL,0.34,0.9081
